Topic,Subtopic,Subsubtopic,Learning Outcome,Code
Math,Topic Outcome,,"Compare measurable length, mass, and timescales quantitatively.{9}",1.1.1.0
Math,Topic Outcome,,Use conversion factors to express the value of a given quantity in different units.{20},1.1.1.1
Math,Graphs,,Calculate the total displacement given the position as a function of time.{84},1.2.1.0
Math,Graphs,,Determine the total distance traveled.{85},1.2.1.1
Math,Graphs,,Calculate the average velocity given the displacement and elapsed time.{86},1.2.1.2
Math,Graphs,,Calculate the average acceleration between two points in time.{97},1.2.1.3
Math,Graphs,,Find instantaneous acceleration at a specified time on a graph of velocity versus time.{101},1.2.1.4
Math,Graphs,,Create and interpret graphs of potential energy.{279},1.2.1.5
Math,Graphs,,Analyze elasticity and plasticity on a stress-strain diagram.{439},1.2.1.6
Math,Graphs,,Describe the conic sections and how they relate to orbital motion.{469},1.2.1.7
Math,Significant Figures,,Determine the correct number of significant figures for the result of a computation.{33},1.3.1.0
Math,Significant Figures,,"Describe the relationship between the concepts of accuracy, precision, uncertainty, and discrepancy.{34}",1.3.1.1
Math,Significant Figures,,"Calculate the percent uncertainty of a measurement, given its value and its uncertainty.{36}",1.3.1.2
Math,Significant Figures,,Determine the uncertainty of the result of a computation involving quantities with given uncertainties.{37},1.3.1.3
Math,Order of Magnitude,,Calculate the order of magnitude of a quantity.{8},1.4.1.0
Math,Order of Magnitude,,Estimate the values of physical quantities.{29},1.4.1.1
Math,Algebra,Subtopic Outcome,Describe how derived units are created from base units.{15},1.5.1.0
Math,Algebra,Subtopic Outcome,Apply analytical methods of vector algebra to find resultant vectors and to solve vector equations for unknown vectors.{68},1.5.1.1
Math,Algebra,Subtopic Outcome,Determine the scalar product of two vectors.{75},1.5.1.2
Math,Algebra,Subtopic Outcome,Determine the vector product of two vectors.{76},1.5.1.3
Math,Algebra,Dimensional Analysis,Find the dimensions of a mathematical expression involving physical quantities.{24},1.5.2.0
Math,Algebra,Dimensional Analysis,Determine whether an equation involving physical quantities is dimensionally consistent.{25},1.5.2.1
Math,Limits,,Paste un-numbered outcome here,1.6.1.0
Math,Limits,,Paste un-numbered outcome here,1.6.1.1
Math,Derivatives,Subtopic Outcome,Paste un-numbered outcome here,1.7.1.0
Math,Derivatives,Subtopic Outcome,Paste un-numbered outcome here,1.7.1.1
Math,Derivatives,Slope,Calculate the average velocity given the displacement and elapsed time.{86},1.7.2.0
Math,Derivatives,Slope,Calculate the average acceleration between two points in time.{97},1.7.2.1
Math,Derivatives,Slope,Calculate the instantaneous acceleration given the functional form of velocity.{98},1.7.2.2
Math,Derivatives,Slope,Find instantaneous acceleration at a specified time on a graph of velocity versus time.{101},1.7.2.3
Math,Derivatives,Slope,Calculate the velocity vector given the position vector as a function of time.{128},1.7.2.4
Math,Derivatives,Slope,Calculate the average velocity in multiple dimensions.{129},1.7.2.5
Math,Derivatives,Product rule,Paste un-numbered outcome here,1.7.3.0
Math,Derivatives,Product rule,Paste un-numbered outcome here,1.7.3.1
Math,Derivatives,Quotient Rule,Paste un-numbered outcome here,1.7.4.0
Math,Derivatives,Quotient Rule,Paste un-numbered outcome here,1.7.4.1
Math,Derivatives,Power Rule,Paste un-numbered outcome here,1.7.5.0
Math,Derivatives,Power Rule,Paste un-numbered outcome here,1.7.5.1
Math,Derivatives,Chain rule,Paste un-numbered outcome here,1.7.6.0
Math,Derivatives,Chain rule,Paste un-numbered outcome here,1.7.6.1
Math,Derivatives,Max/Min,Paste un-numbered outcome here,1.7.7.0
Math,Derivatives,Max/Min,Paste un-numbered outcome here,1.7.7.1
Math,Derivatives,Increasing/Decreasing Test,Paste un-numbered outcome here,1.7.8.0
Math,Derivatives,Increasing/Decreasing Test,Paste un-numbered outcome here,1.7.8.1
Math,Derivatives,First Derivative Test,Paste un-numbered outcome here,1.7.9.0
Math,Derivatives,First Derivative Test,Paste un-numbered outcome here,1.7.9.1
Math,Derivatives,Second Derivative Test,Paste un-numbered outcome here,1.7.10.0
Math,Derivatives,Second Derivative Test,Paste un-numbered outcome here,1.7.10.1
Math,Integrals,Subtopic Outcome,Derive the kinematic equations for constant acceleration using integral calculus.{117},1.8.1.0
Math,Integrals,Subtopic Outcome,Find the functional form of velocity versus time given the acceleration function.{119},1.8.1.1
Math,Integrals,Subtopic Outcome,Find the functional form of position versus time given the velocity function.{120},1.8.1.2
Math,Integrals,Area Under Curve,Determine the total distance traveled.{85},1.8.2.0
Math,Integrals,Area Under Curve,Relate the work done during a time interval to the power delivered.{254},1.8.2.1
Math,Integrals,Area Between Two Curves,Paste un-numbered outcome here,1.8.3.0
Math,Integrals,Area Between Two Curves,Paste un-numbered outcome here,1.8.3.1
Math,Integrals,Substitution Rule,Paste un-numbered outcome here,1.8.4.0
Math,Integrals,Substitution Rule,Paste un-numbered outcome here,1.8.4.1
Math,Integrals,Integration by Parts,Paste un-numbered outcome here,1.8.5.0
Math,Integrals,Integration by Parts,Paste un-numbered outcome here,1.8.5.1
Math,Integrals,Trigonometric Substitution,Paste un-numbered outcome here,1.8.6.0
Math,Integrals,Trigonometric Substitution,Paste un-numbered outcome here,1.8.6.1
Math,Integrals,Partial Fractions,Paste un-numbered outcome here,1.8.7.0
Math,Integrals,Partial Fractions,Paste un-numbered outcome here,1.8.7.1
Math,Exponential Functions,Subtopic Outcome,Paste un-numbered outcome here,1.9.1.0
Math,Exponential Functions,Subtopic Outcome,Paste un-numbered outcome here,1.9.1.1
Math,Exponential Functions,Derivative,Paste un-numbered outcome here,1.9.2.0
Math,Exponential Functions,Derivative,Paste un-numbered outcome here,1.9.2.1
Math,Exponential Functions,Integral,Paste un-numbered outcome here,1.9.3.0
Math,Exponential Functions,Integral,Paste un-numbered outcome here,1.9.3.1
Math,Logarithmic Functions,Subtopic Outcome,Paste un-numbered outcome here,1.10.1.0
Math,Logarithmic Functions,Subtopic Outcome,Paste un-numbered outcome here,1.10.1.1
Math,Logarithmic Functions,Derivative,Paste un-numbered outcome here,1.10.2.0
Math,Logarithmic Functions,Derivative,Paste un-numbered outcome here,1.10.2.1
Math,Logarithmic Functions,Integral,Paste un-numbered outcome here,1.10.3.0
Math,Logarithmic Functions,Integral,Paste un-numbered outcome here,1.10.3.1
Math,System of Equations,Subtopic Outcome,Paste un-numbered outcome here,1.11.1.0
Math,System of Equations,Subtopic Outcome,Paste un-numbered outcome here,1.11.1.1
Math,System of Equations,Set Up,Paste un-numbered outcome here,1.11.2.0
Math,System of Equations,Set Up,Paste un-numbered outcome here,1.11.2.1
Math,System of Equations,Solve,Paste un-numbered outcome here,1.11.3.0
Math,System of Equations,Solve,Paste un-numbered outcome here,1.11.3.1
Math,Quadratic formula,Subtopic Outcome,Paste un-numbered outcome here,1.12.1.0
Math,Quadratic formula,Subtopic Outcome,Paste un-numbered outcome here,1.12.1.1
Math,Quadratic formula,Non-Physical Roots,Paste un-numbered outcome here,1.12.2.0
Math,Quadratic formula,Non-Physical Roots,Paste un-numbered outcome here,1.12.2.1
Math,Polar Coordinates,,Identify the magnitude and direction of a vector.{51},1.13.1.0
Math,Polar Coordinates,,Explain the connection between polar coordinates and Cartesian coordinates in a plane.{64},1.13.1.1
Physics in General,Topic Outcome,,,2.1.1.0
Physics in General,Topic Outcome,,,2.1.1.1
Physics in General,Units,,,2.2.1.0
Physics in General,Units,,,2.2.1.1
Physics in General,Solving Problems in Physics,,,2.3.1.0
Physics in General,Solving Problems in Physics,,,2.3.1.1
Vectors,Topic Outcome,,Describe the difference between vector and scalar quantities.{50},3.1.1.0
Vectors,Topic Outcome,,Distinguish between a vector equation and a scalar equation.{55},3.1.1.1
Vectors,Topic Outcome,,Interpret physical situations in terms of vector expressions.{70},3.1.1.2
Vectors,Topic Outcome,,Explain the difference between the scalar product and the vector product of two vectors.{74},3.1.1.3
Vectors,Topic Outcome,,Describe how the products of vectors are used in physics.{77},3.1.1.4
Vectors,Notation,,"Describe vectors in two and three dimensions in terms of their components, using unit vectors along the axes.{59}",3.2.1.0
Vectors,Notation,,Paste un-numbered outcome here,3.2.1.1
Vectors,Scalars,,Distinguish between the vector components of a vector and the scalar components of a vector.{61},3.3.1.0
Vectors,Scalars,,Paste un-numbered outcome here,3.3.1.1
Vectors,Properties of Vectors,,Identify the magnitude and direction of a vector.{51},3.4.1.0
Vectors,Properties of Vectors,,Explain the effect of multiplying a vector quantity by a scalar.{52},3.4.1.1
Vectors,Properties of Vectors,,Explain how the magnitude of a vector is defined in terms of the components of a vector.{62},3.4.1.2
Vectors,Coordinate System and Vector Components,,Identify the magnitude and direction of a vector.{51},3.5.1.0
Vectors,Coordinate System and Vector Components,,Explain the geometric construction for the addition or subtraction of vectors in a plane.{54},3.5.1.1
Vectors,Coordinate System and Vector Components,,Describe how one-dimensional vector quantities are added or subtracted.{53},3.5.1.2
Vectors,Coordinate System and Vector Components,,"Describe vectors in two and three dimensions in terms of their components, using unit vectors along the axes.{59}",3.5.1.3
Vectors,Coordinate System and Vector Components,,Distinguish between the vector components of a vector and the scalar components of a vector.{61},3.5.1.4
Vectors,Coordinate System and Vector Components,,Explain how the magnitude of a vector is defined in terms of the components of a vector.{62},3.5.1.5
Vectors,Coordinate System and Vector Components,,Identify the direction angle of a vector in a plane.{63},3.5.1.6
Vectors,Coordinate System and Vector Components,,Explain the connection between polar coordinates and Cartesian coordinates in a plane.{64},3.5.1.7
Vectors,Vector Algebra,,Apply analytical methods of vector algebra to find resultant vectors and to solve vector equations for unknown vectors.{68},3.6.1.0
Vectors,Vector Algebra,,Interpret physical situations in terms of vector expressions.{70},3.6.1.1
Vectors,Dot Product,,Determine the scalar product of two vectors.{75},3.7.1.0
Vectors,Dot Product,,Paste un-numbered outcome here,3.7.1.1
Vectors,Cross Product,,Determine the vector product of two vectors.{76},3.8.1.0
Vectors,Cross Product,,Paste un-numbered outcome here,3.8.1.1
Kinematics(1D),Topic Outcome,,"Define position, displacement, and distance traveled.{83}",4.1.1.0
Kinematics(1D),Topic Outcome,,Identify which equations of motion are to be used to solve for unknowns.{105},4.1.1.1
Kinematics(1D),Topic Outcome,,Determine the total distance traveled.{85},4.1.1.2
Kinematics(1D),Motion Diagrams,,Paste un-numbered outcome here,4.2.1.0
Kinematics(1D),Motion Diagrams,,Paste un-numbered outcome here,4.2.1.1
Kinematics(1D),Position,,Find the functional form of position versus time given the velocity function.{120},4.3.1.0
Kinematics(1D),Position,,Paste un-numbered outcome here,4.3.1.1
Kinematics(1D),Displacement,,Calculate the total displacement given the position as a function of time.{84},4.4.1.0
Kinematics(1D),Displacement,,Paste un-numbered outcome here,4.4.1.1
Kinematics(1D),Speed,,Calculate the speed given the instantaneous velocity.{93},4.5.1.0
Kinematics(1D),Speed,,Paste un-numbered outcome here,4.5.1.1
Kinematics(1D),Velocity,Subtopic Outcome,Explain the difference between average velocity and instantaneous velocity.{90},4.6.1.0
Kinematics(1D),Velocity,Subtopic Outcome,Describe the difference between velocity and speed.{91},4.6.1.1
Kinematics(1D),Velocity,Subtopic Outcome,Explain the vector nature of instantaneous acceleration and velocity.{99},4.6.1.2
Kinematics(1D),Velocity,Subtopic Outcome,Find the functional form of velocity versus time given the acceleration function.{119},4.6.1.3
Kinematics(1D),Velocity,Average,Calculate the average velocity given the displacement and elapsed time.{86},4.6.2.0
Kinematics(1D),Velocity,Average,Paste un-numbered outcome here,4.6.2.1
Kinematics(1D),Velocity,Instantaneous,Calculate the instantaneous velocity given the mathematical equation for the velocity.{92},4.6.3.0
Kinematics(1D),Velocity,Instantaneous,Paste un-numbered outcome here,4.6.3.1
Kinematics(1D),Acceleration,Subtopic Outcome,Explain the difference between average acceleration and instantaneous acceleration.{100},4.7.1.0
Kinematics(1D),Acceleration,Subtopic Outcome,Explain the vector nature of instantaneous acceleration and velocity.{99},4.7.1.1
Kinematics(1D),Acceleration,Average,Calculate the average acceleration between two points in time.{97},4.7.2.0
Kinematics(1D),Acceleration,Average,Paste un-numbered outcome here,4.7.2.1
Kinematics(1D),Acceleration,Instantaneous,Calculate the instantaneous acceleration given the functional form of velocity.{98},4.7.3.0
Kinematics(1D),Acceleration,Instantaneous,Find instantaneous acceleration at a specified time on a graph of velocity versus time.{101},4.7.3.1
Kinematics(1D),Uniform Motion,,Paste un-numbered outcome here,4.8.1.0
Kinematics(1D),Uniform Motion,,Paste un-numbered outcome here,4.8.1.1
Kinematics(1D),Non-Uniform Motion (Constant Acceleration),,Use appropriate equations of motion to solve a two-body pursuit problem.{106},4.9.1.0
Kinematics(1D),Non-Uniform Motion (Constant Acceleration),,Derive the kinematic equations for constant acceleration using integral calculus.{117},4.9.1.1
Kinematics(1D),Non-Uniform Motion (Constant Acceleration),,Use the integral formulation of the kinematic equations in analyzing motion.{118},4.9.1.2
Kinematics(1D),Free Fall,,Use the kinematic equations with the variables y and g to analyze free-fall motion.{110},4.10.1.0
Kinematics(1D),Free Fall,,"Describe how the values of the position, velocity, and acceleration change during a free fall.{111}",4.10.1.1
Kinematics(1D),Free Fall,,"Solve for the position, velocity, and acceleration as functions of time when an object is in a free fall.{112}",4.10.1.2
Kinematics(2D and 3D),Topic Outcome,,Use the one-dimensional motion equations along perpendicular axes to solve a problem in two or three dimensions with a constant acceleration.{135},5.1.1.0
Kinematics(2D and 3D),Topic Outcome,,Paste un-numbered outcome here,5.1.1.1
Kinematics(2D and 3D),Displacement Vector,,Calculate position vectors in a multidimensional displacement problem.{126},5.2.1.0
Kinematics(2D and 3D),Displacement Vector,,Solve for the displacement in two or three dimensions.{127},5.2.1.1
Kinematics(2D and 3D),Velocity Vector,,Calculate the velocity vector given the position vector as a function of time.{128},5.3.1.0
Kinematics(2D and 3D),Velocity Vector,,Calculate the average velocity in multiple dimensions.{129},5.3.1.1
Kinematics(2D and 3D),Acceleration Vector,,Calculate the acceleration vector given the velocity function in unit vector notation.{133},5.4.1.0
Kinematics(2D and 3D),Acceleration Vector,,Describe the motion of a particle with a constant acceleration in three dimensions.{134},5.4.1.1
Kinematics(2D and 3D),Acceleration Vector,,Express the acceleration in unit vector notation.{136},5.4.1.2
Kinematics(2D and 3D),Projectile Motion,,Use one-dimensional motion in perpendicular directions to analyze projectile motion.{140},5.5.1.0
Kinematics(2D and 3D),Projectile Motion,,"Calculate the range, time of flight, and maximum height of a projectile that is launched and impacts a flat, horizontal surface.{141}",5.5.1.1
Kinematics(2D and 3D),Projectile Motion,,Find the time of flight and impact velocity of a projectile that lands at a different height from that of launch.{142},5.5.1.2
Kinematics(2D and 3D),Projectile Motion,,Calculate the trajectory of a projectile.{143},5.5.1.3
Kinematics(2D and 3D),Uniform Circular Motion,Subtopic Outcome,"Use the equations of circular motion to find the position, velocity, and acceleration of a particle executing circular motion.{148}",5.6.1.0
Kinematics(2D and 3D),Uniform Circular Motion,Subtopic Outcome,,5.6.1.1
Kinematics(2D and 3D),Uniform Circular Motion,Velocity,Explain how angular velocity is related to tangential speed.{339},5.6.2.0
Kinematics(2D and 3D),Uniform Circular Motion,Velocity,Calculate the instantaneous angular velocity given the angular position function.{340},5.6.2.1
Kinematics(2D and 3D),Uniform Circular Motion,Acceleration,Solve for the centripetal acceleration of an object moving on a circular path.{147},5.6.3.0
Kinematics(2D and 3D),Uniform Circular Motion,Acceleration,Paste un-numbered outcome here,5.6.3.1
Kinematics(2D and 3D),Non-Uniform Circular Motion,Subtopic Outcome,Explain the differences between centripetal acceleration and tangential acceleration resulting from nonuniform circular motion.{149},5.7.1.0
Kinematics(2D and 3D),Non-Uniform Circular Motion,Subtopic Outcome,"Evaluate centripetal and tangential acceleration in nonuniform circular motion, and find the total acceleration vector.{150}",5.7.1.1
Kinematics(2D and 3D),Non-Uniform Circular Motion,Subtopic Outcome,Find the angular velocity and angular acceleration in a rotating system.{341},5.7.1.2
Kinematics(2D and 3D),Non-Uniform Circular Motion,Angular Acceleration,Calculate the average angular acceleration when the angular velocity is changing.{342},5.7.2.0
Kinematics(2D and 3D),Non-Uniform Circular Motion,Angular Acceleration,Calculate the instantaneous angular acceleration given the angular velocity function.{343},5.7.2.1
Force,Topic Outcome,,Distinguish between kinematics and dynamics.{163},6.1.1.0
Force,Topic Outcome,,Understand the definition of force.{164},6.1.1.1
Force,Topic Outcome,,Identify simple free-body diagrams.{165},6.1.1.2
Force,Topic Outcome,,"Define the SI unit of force, the newton.{166}",6.1.1.3
Force,Topic Outcome,,Describe force as a vector.{167},6.1.1.4
Force,Topic Outcome,,Apply Newton's laws of motion to solve problems involving a variety of forces.{199},6.1.1.5
Force,Topic Outcome,,Apply problem-solving techniques to solve for quantities in more complex systems of forces.{210},6.1.1.6
Force,Topic Outcome,,Use concepts from kinematics to solve problems using Newton's laws of motion.{211},6.1.1.7
Force,Topic Outcome,,Solve more complex equilibrium problems.{212},6.1.1.8
Force,Topic Outcome,,Solve more complex acceleration problems.{213},6.1.1.9
Force,Topic Outcome,,Apply calculus to more advanced dynamics problems.{214},6.1.1.10
Force,Topic Outcome,,Calculate force given pressure and area.{497},6.1.1.11
Force,Types of Forces,,Distinguish between external and internal forces.{179},6.2.1.0
Force,Types of Forces,,Identify the action and reaction forces in different situations.{192},6.2.1.1
Force,Types of Forces,,Define normal and tension forces.{197},6.2.1.2
Force,Types of Forces,,Distinguish between real and fictitious forces.{198},6.2.1.3
Force,Types of Forces,,Define buoyant force.{514},6.2.1.4
Force,Free Body Diagrams,,Identify simple free-body diagrams.{165},6.3.1.0
Force,Free Body Diagrams,,Explain the rules for drawing a free-body diagram.{203},6.3.1.1
Force,Free Body Diagrams,,Construct free-body diagrams for different situations.{204},6.3.1.2
Force,Free Body Diagrams,,Draw a free-body diagram for a rigid body acted on by forces.{421},6.3.1.3
Force,Free Body Diagrams,,Set up a free-body diagram for an extended object in static equilibrium.{427},6.3.1.4
Force,Newton's First Law,,Describe Newton's first law of motion.{171},6.4.1.0
Force,Newton's First Law,,Recognize friction as an external force.{172},6.4.1.1
Force,Newton's First Law,,Define inertia.{173},6.4.1.2
Force,Newton's First Law,,Identify inertial reference frames.{174},6.4.1.3
Force,Newton's First Law,,Calculate equilibrium for a system.{175},6.4.1.4
Force,Newton's Second Law,,Distinguish between external and internal forces.{179},6.5.1.0
Force,Newton's Second Law,,Describe Newton's second law of motion.{180},6.5.1.1
Force,Newton's Second Law,,Explain the dependence of acceleration on net force and mass.{181},6.5.1.2
Force,Newton's Second Law,,Apply Newton's second law to develop the equation for centripetal force.{225},6.5.1.3
Force,Newton's Third Law,Subtopic Outcome,State Newton's third law of motion.{191},6.6.1.0
Force,Newton's Third Law,Subtopic Outcome,Identify the action and reaction forces in different situations.{192},6.6.1.1
Force,Newton's Third Law,Subtopic Outcome,Apply Newton's third law to define systems and solve problems of motion.{193},6.6.1.2
Force,Newton's Third Law,Ropes and Pulleys,Paste un-numbered outcome here,6.6.2.0
Force,Newton's Third Law,Ropes and Pulleys,Paste un-numbered outcome here,6.6.2.1
Force,Equilibrium,,Calculate equilibrium for a system.{175},6.7.1.0
Force,Equilibrium,,Solve more complex equilibrium problems.{212},6.7.1.1
Force,"Mass, Weight and Gravity",,Explain the difference between mass and weight.{185},6.8.1.0
Force,"Mass, Weight and Gravity",,Explain why falling objects on Earth are never truly in free fall.{186},6.8.1.1
Force,"Mass, Weight and Gravity",,Describe the concept of weightlessness.{187},6.8.1.2
Force,Friction,,Recognize friction as an external force.{172},6.9.1.0
Force,Friction,,Describe the general characteristics of friction.{218},6.9.1.1
Force,Friction,,List the various types of friction.{219},6.9.1.2
Force,Friction,,"Calculate the magnitude of static and kinetic friction, and use these in problems involving Newton's laws of motion.{220}",6.9.1.3
Force,Friction,,Calculate the static friction force associated with rolling motion without slipping.{395},6.9.1.4
Force,Drag,Subtopic Outcome,Express the drag force mathematically.{230},6.10.1.0
Force,Drag,Subtopic Outcome,Describe applications of the drag force.{231},6.10.1.1
Force,Drag,Terminal Velocity,Define terminal velocity.{232},6.10.2.0
Force,Drag,Terminal Velocity,Determine an object's terminal velocity given its mass.{233},6.10.2.1
Force,Drag,Projectile Motion with Drag,Paste un-numbered outcome here,6.10.3.0
Force,Drag,Projectile Motion with Drag,Paste un-numbered outcome here,6.10.3.1
Force,Springs,Subtopic Outcome,Paste un-numbered outcome here,6.11.1.0
Force,Springs,Subtopic Outcome,Paste un-numbered outcome here,6.11.1.1
Force,Springs,Hooke's Law,Paste un-numbered outcome here,6.11.2.0
Force,Springs,Hooke's Law,Paste un-numbered outcome here,6.11.2.1
Force,Dynamics of Circular Motion,Subtopic Outcome,Explain the equation for centripetal acceleration.{224},6.12.1.0
Force,Dynamics of Circular Motion,Subtopic Outcome,Use circular motion concepts in solving problems involving Newton's laws of motion.{226},6.12.1.1
Force,Dynamics of Circular Motion,Centripetal Force,Apply Newton's second law to develop the equation for centripetal force.{225},6.12.2.0
Force,Dynamics of Circular Motion,Centripetal Force,Paste un-numbered outcome here,6.12.2.1
Force,Dynamics of Circular Motion,Uniform,Paste un-numbered outcome here,6.12.3.0
Force,Dynamics of Circular Motion,Uniform,Paste un-numbered outcome here,6.12.3.1
Force,Dynamics of Circular Motion,Non-Uniform,Paste un-numbered outcome here,6.12.4.0
Force,Dynamics of Circular Motion,Non-Uniform,Paste un-numbered outcome here,6.12.4.1
Momentum and Impulse,Topic Outcome,,Paste un-numbered outcome here,7.1.1.0
Momentum and Impulse,Topic Outcome,,Paste un-numbered outcome here,7.1.1.1
Momentum and Impulse,Momentum,Subtopic Outcome,"Explain what momentum is, physically.{291}",7.2.1.0
Momentum and Impulse,Momentum,Subtopic Outcome,Calculate the momentum of a moving object.{292},7.2.1.1
Momentum and Impulse,Momentum,Subtopic Outcome,Express momentum as a two-dimensional vector.{317},7.2.1.2
Momentum and Impulse,Momentum,Subtopic Outcome,"Calculate momentum in two dimensions, as a vector quantity.{319}",7.2.1.3
Momentum and Impulse,Momentum,Linear,Paste un-numbered outcome here,7.2.2.0
Momentum and Impulse,Momentum,Linear,Paste un-numbered outcome here,7.2.2.1
Momentum and Impulse,Momentum,Angular,Describe the vector nature of angular momentum.{400},7.2.3.0
Momentum and Impulse,Momentum,Angular,Find the total angular momentum and torque about a designated origin of a system of particles.{401},7.2.3.1
Momentum and Impulse,Momentum,Angular,Calculate the angular momentum of a rigid body rotating about a fixed axis.{402},7.2.3.2
Momentum and Impulse,Momentum,Angular,Use conservation of angular momentum in the analysis of objects that change their rotation rate.{404},7.2.3.3
Momentum and Impulse,Impulse,,"Explain what an impulse is, physically.{296}",7.3.1.0
Momentum and Impulse,Impulse,,Describe what an impulse does.{297},7.3.1.1
Momentum and Impulse,Impulse,,Relate impulses to collisions.{298},7.3.1.2
Momentum and Impulse,Impulse,,Apply the impulse-momentum theorem to solve problems.{299},7.3.1.3
Momentum and Impulse,Collisions,Subtopic Outcome,Identify the type of collision.{311},7.4.1.0
Momentum and Impulse,Collisions,Subtopic Outcome,Correctly label a collision as elastic or inelastic.{312},7.4.1.1
Momentum and Impulse,Collisions,Subtopic Outcome,Use kinetic energy along with momentum and impulse to analyze a collision.{313},7.4.1.2
Momentum and Impulse,Collisions,Elastic,Paste un-numbered outcome here,7.4.2.0
Momentum and Impulse,Collisions,Elastic,Paste un-numbered outcome here,7.4.2.1
Momentum and Impulse,Collisions,Inelastic,Paste un-numbered outcome here,7.4.3.0
Momentum and Impulse,Collisions,Inelastic,Paste un-numbered outcome here,7.4.3.1
Momentum and Impulse,Collisions,Explosions,"Describe the application of conservation of momentum when the mass changes with time, as well as the velocity.{330}",7.4.4.0
Momentum and Impulse,Collisions,Explosions,"Calculate the speed of a rocket in empty space, at some time, given initial conditions.{331}",7.4.4.1
Momentum and Impulse,Collisions,Explosions,"Calculate the speed of a rocket in Earth's gravity field, at some time, given initial conditions.{332}",7.4.4.2
Momentum and Impulse,Conservation of Momentum,Subtopic Outcome,"Explain the meaning of ""conservation of momentum"".{303}",7.5.1.0
Momentum and Impulse,Conservation of Momentum,Subtopic Outcome,"Correctly identify if a system is, or is not, closed.{304}",7.5.1.1
Momentum and Impulse,Conservation of Momentum,Subtopic Outcome,Define a system whose momentum is conserved.{305},7.5.1.2
Momentum and Impulse,Conservation of Momentum,Subtopic Outcome,Mathematically express conservation of momentum for a given system.{306},7.5.1.3
Momentum and Impulse,Conservation of Momentum,Subtopic Outcome,Calculate an unknown quantity using conservation of momentum.{307},7.5.1.4
Momentum and Impulse,Conservation of Momentum,Subtopic Outcome,Write equations for momentum conservation in component form.{318},7.5.1.5
Momentum and Impulse,Conservation of Momentum,Subtopic Outcome,"Describe the application of conservation of momentum when the mass changes with time, as well as the velocity.{330}",7.5.1.6
Momentum and Impulse,Conservation of Momentum,Linear,Paste un-numbered outcome here,7.5.2.0
Momentum and Impulse,Conservation of Momentum,Linear,Paste un-numbered outcome here,7.5.2.1
Momentum and Impulse,Conservation of Momentum,Angular,Use conservation of angular momentum in the analysis of objects that change their rotation rate.{404},7.5.3.0
Momentum and Impulse,Conservation of Momentum,Angular,Apply conservation of angular momentum to determine the angular velocity of a rotating system in which the moment of inertia is changing.{408},7.5.3.1
Momentum and Impulse,Conservation of Momentum,Angular,Explain how the rotational kinetic energy changes when a system undergoes changes in both moment of inertia and angular velocity.{409},7.5.3.2
Momentum and Impulse,Conservation of Momentum,Angular,Describe how orbital velocity is related to conservation of angular momentum.{470},7.5.3.3
Momentum and Impulse,2D Collisions,,Express momentum as a two-dimensional vector.{317},7.6.1.0
Momentum and Impulse,2D Collisions,,Write equations for momentum conservation in component form.{318},7.6.1.1
Momentum and Impulse,2D Collisions,,"Calculate momentum in two dimensions, as a vector quantity.{319}",7.6.1.2
Momentum and Impulse,Precession,,Describe the physical processes underlying the phenomenon of precession.{413},7.7.1.0
Momentum and Impulse,Precession,,Calculate the precessional angular velocity of a gyroscope.{414},7.7.1.1
Energy,Topic Outcome,,Describe energy transformations and conversions in general terms.{284},8.1.1.0
Energy,Topic Outcome,,Explain what it means for an energy source to be renewable or nonrenewable.{285},8.1.1.1
Energy,Kinetic Energy,,Calculate the kinetic energy of a particle given its mass and its velocity or momentum.{244},8.2.1.0
Energy,Kinetic Energy,,"Evaluate the kinetic energy of a body, relative to different frames of reference.{245}",8.2.1.1
Energy,Kinetic Energy,,Describe the differences between rotational and translational kinetic energy.{358},8.2.1.2
Energy,Kinetic Energy,,Explain how the rotational kinetic energy changes when a system undergoes changes in both moment of inertia and angular velocity.{409},8.2.1.3
Energy,Potential Energy,Subtopic Outcome,Relate the difference of potential energy to work done on a particle for a system without friction or air drag.{261},8.3.1.0
Energy,Potential Energy,Subtopic Outcome,Explain the meaning of the zero of the potential energy function for a system.{262},8.3.1.1
Energy,Potential Energy,Subtopic Outcome,Create and interpret graphs of potential energy.{279},8.3.1.2
Energy,Potential Energy,Subtopic Outcome,Explain the connection between stability and potential energy.{280},8.3.1.3
Energy,Potential Energy,Gravitational Potential Energy,Calculate and apply the gravitational potential energy for an object near Earth's surface and the elastic potential energy of a mass-spring system.{263},8.3.2.0
Energy,Potential Energy,Gravitational Potential Energy,Determine changes in gravitational potential energy over great distances.{457},8.3.2.1
Energy,Potential Energy,Gravitational Potential Energy,Apply conservation of energy to determine escape velocity.{458},8.3.2.2
Energy,Potential Energy,Gravitational Potential Energy,Determine whether astronomical bodies are gravitationally bound.{459},8.3.2.3
Energy,Potential Energy,Elastic Potential Energy,Calculate and apply the gravitational potential energy for an object near Earth's surface and the elastic potential energy of a mass-spring system.{263},8.3.3.0
Energy,Potential Energy,Elastic Potential Energy,Paste un-numbered outcome here,8.3.3.1
Energy,Energy Diagrams,,Paste un-numbered outcome here,8.4.1.0
Energy,Energy Diagrams,,Paste un-numbered outcome here,8.4.1.1
Energy,Conservation of Energy,Subtopic Outcome,"Formulate the principle of conservation of mechanical energy, with or without the presence of non-conservative forces.{274}",8.5.1.0
Energy,Conservation of Energy,Subtopic Outcome,Use the conservation of mechanical energy to calculate various properties of simple systems.{275},8.5.1.1
Energy,Conservation of Energy,Subtopic Outcome,Use conservation of mechanical energy to analyze systems undergoing both rotation and translation.{361},8.5.1.2
Energy,Conservation of Energy,Subtopic Outcome,Apply conservation of energy to determine escape velocity.{458},8.5.1.3
Energy,Conservation of Energy,Subtopic Outcome,Explain how Bernoulli's equation is related to the conservation of energy.{528},8.5.1.4
Energy,Conservation of Energy,Conservative Forces,Characterize a conservative force in several different ways.{267},8.5.2.0
Energy,Conservation of Energy,Conservative Forces,Specify mathematical conditions that must be satisfied by a conservative force and its components.{268},8.5.2.1
Energy,Conservation of Energy,Conservative Forces,Relate the conservative force between particles of a system to the potential energy of the system.{269},8.5.2.2
Energy,Conservation of Energy,Conservative Forces,Calculate the components of a conservative force in various cases.{270},8.5.2.3
Energy,Conservation of Energy,Non-Conservative Forces,Calculate the angular velocity of a rotating system when there are energy losses due to nonconservative forces.{362},8.5.3.0
Energy,Conservation of Energy,Non-Conservative Forces,Paste un-numbered outcome here,8.5.3.1
Work,Topic Outcome,,Represent the work done by any force.{239},9.1.1.0
Work,Topic Outcome,,Evaluate the work done for various forces.{240},9.1.1.1
Work,Work-Energy Theorem,,"Apply the work-energy theorem to find information about the motion of a particle, given the forces acting on it.{249}",9.2.1.0
Work,Work-Energy Theorem,,"Use the work-energy theorem to find information about the forces acting on a particle, given information about its motion.{250}",9.2.1.1
Work,Work-Energy Theorem,,Use the work-energy theorem to analyze rotation to find the work done on a system when it is rotated about a fixed axis for a finite angular displacement.{383},9.2.1.2
Work,Work-Energy Theorem,,Solve for the angular velocity of a rotating rigid body using the work-energy theorem.{384},9.2.1.3
Work,Power,,Relate the work done during a time interval to the power delivered.{254},9.3.1.0
Work,Power,,Find the power expended by a force acting on a moving body.{255},9.3.1.1
Work,Work For Rotational Motion,,Use the work-energy theorem to analyze rotation to find the work done on a system when it is rotated about a fixed axis for a finite angular displacement.{383},9.4.1.0
Work,Work For Rotational Motion,,Paste un-numbered outcome here,9.4.1.1
Work,Power For Rotational Motion,,Find the power delivered to a rotating rigid body given the applied torque and angular velocity.{385},9.5.1.0
Work,Power For Rotational Motion,,Paste un-numbered outcome here,9.5.1.1
Rotational Motion,Topic Outcome,,Derive the kinematic equations for rotational motion with constant angular acceleration.{347},10.1.1.0
Rotational Motion,Topic Outcome,,Select from the kinematic equations for rotational motion with constant angular acceleration the appropriate equations to solve for unknowns in the analysis of systems undergoing fixed-axis rotation.{348},10.1.1.1
Rotational Motion,Topic Outcome,,Use solutions found with the kinematic equations to verify the graphical analysis of fixed-axis rotation with constant angular acceleration.{349},10.1.1.2
Rotational Motion,Relating Rotational to Translational Motion,,"Given the linear kinematic equation, write the corresponding rotational kinematic equation.{353}",10.2.1.0
Rotational Motion,Relating Rotational to Translational Motion,,"Calculate the linear distances, velocities, and accelerations of points on a rotating system given the angular velocities and accelerations.{354}",10.2.1.1
Rotational Motion,Relating Rotational to Translational Motion,,Summarize the rotational variables and equations and relate them to their translational counterparts.{386},10.2.1.2
Rotational Motion,Rolling Motion,Subtopic Outcome,Use energy conservation to analyze rolling motion.{396},10.3.1.0
Rotational Motion,Rolling Motion,Subtopic Outcome,Paste un-numbered outcome here,10.3.1.1
Rotational Motion,Rolling Motion,Without Slipping,Describe the physics of rolling motion without slipping.{392},10.3.2.0
Rotational Motion,Rolling Motion,Without Slipping,Explain how linear variables are related to angular variables for the case of rolling motion without slipping.{393},10.3.2.1
Rotational Motion,Rolling Motion,Without Slipping,Find the linear and angular accelerations in rolling motion with and without slipping.{394},10.3.2.2
Rotational Motion,Rolling Motion,Without Slipping,Calculate the static friction force associated with rolling motion without slipping.{395},10.3.2.3
Rotational Motion,Rolling Motion,With Slipping,Find the linear and angular accelerations in rolling motion with and without slipping.{394},10.3.3.0
Rotational Motion,Rolling Motion,With Slipping,Paste un-numbered outcome here,10.3.3.1
Rotational Motion,Center of Mass,,Explain the meaning and usefulness of the concept of center of mass.{323},10.4.1.0
Rotational Motion,Center of Mass,,Calculate the center of mass of a given system.{324},10.4.1.1
Rotational Motion,Center of Mass,,Apply the center of mass concept in two and three dimensions.{325},10.4.1.2
Rotational Motion,Center of Mass,,Calculate the velocity and acceleration of the center of mass.{326},10.4.1.3
Rotational Motion,Rotational Energy,Subtopic Outcome,Describe the differences between rotational and translational kinetic energy.{358},10.5.1.0
Rotational Motion,Rotational Energy,Subtopic Outcome,Use conservation of mechanical energy to analyze systems undergoing both rotation and translation.{361},10.5.1.1
Rotational Motion,Rotational Energy,Subtopic Outcome,Calculate the angular velocity of a rotating system when there are energy losses due to nonconservative forces.{362},10.5.1.2
Rotational Motion,Rotational Energy,Moment of Inertia,Define the physical concept of moment of inertia in terms of the mass distribution from the rotational axis.{359},10.5.2.0
Rotational Motion,Rotational Energy,Moment of Inertia,Explain how the moment of inertia of rigid bodies affects their rotational kinetic energy.{360},10.5.2.1
Rotational Motion,Rotational Energy,Moment of Inertia,"Calculate the moment of inertia for uniformly shaped, rigid bodies.{366}",10.5.2.2
Rotational Motion,Rotational Energy,Moment of Inertia,Calculate the moment of inertia for compound objects.{368},10.5.2.3
Rotational Motion,Rotational Energy,Parallel-Axis Theorem,Apply the parallel axis theorem to find the moment of inertia about any axis parallel to one already known.{367},10.5.3.0
Rotational Motion,Rotational Energy,Parallel-Axis Theorem,Paste un-numbered outcome here,10.5.3.1
Rotational Dynamics,Topic Outcome,,Paste un-numbered outcome here,11.1.1.0
Rotational Dynamics,Topic Outcome,,Paste un-numbered outcome here,11.1.1.1
Rotational Dynamics,Newton's Second Law for Rotational Motion,,Calculate the torques on rotating systems about a fixed axis to find the angular acceleration.{378},11.2.1.0
Rotational Dynamics,Newton's Second Law for Rotational Motion,,Explain how changes in the moment of inertia of a rotating system affect angular acceleration with a fixed applied torque.{379},11.2.1.1
Rotational Dynamics,Torque,,Describe how the magnitude of a torque depends on the magnitude of the lever arm and the angle the force vector makes with the lever arm.{372},11.3.1.0
Rotational Dynamics,Torque,,Determine the sign (positive or negative) of a torque using the right-hand rule.{373},11.3.1.1
Rotational Dynamics,Torque,,Calculate individual torques about a common axis and sum them to find the net torque.{374},11.3.1.2
Rotational Dynamics,Torque,,Find the total angular momentum and torque about a designated origin of a system of particles.{401},11.3.1.3
Rotational Dynamics,Torque,,Calculate the torque on a rigid body rotating about a fixed axis.{403},11.3.1.4
Rotational Dynamics,Rotation about a Fixed Axis,,Describe the physical meaning of rotational variables as applied to fixed-axis rotation.{338},11.4.1.0
Rotational Dynamics,Rotation about a Fixed Axis,,Calculate the angular momentum of a rigid body rotating about a fixed axis.{402},11.4.1.1
Rotational Dynamics,Rotation about a Fixed Axis,,Calculate the torque on a rigid body rotating about a fixed axis.{403},11.4.1.2
Rotational Dynamics,Static Equilibrium,,Identify the physical conditions of static equilibrium.{420},11.5.1.0
Rotational Dynamics,Static Equilibrium,,Draw a free-body diagram for a rigid body acted on by forces.{421},11.5.1.1
Rotational Dynamics,Static Equilibrium,,Explain how the conditions for equilibrium allow us to solve statics problems.{422},11.5.1.2
Rotational Dynamics,Static Equilibrium,,Identify and analyze static equilibrium situations.{426},11.5.1.3
Rotational Dynamics,Static Equilibrium,,Set up a free-body diagram for an extended object in static equilibrium.{427},11.5.1.4
Rotational Dynamics,Static Equilibrium,,Set up and solve static equilibrium conditions for objects in equilibrium in various physical situations.{428},11.5.1.5
Gravitation,Topic Outcome,,List the significant milestones in the history of gravitation.{445},12.1.1.0
Gravitation,Topic Outcome,,Determine the mass of an astronomical body from free-fall acceleration at its surface.{452},12.1.1.1
Gravitation,Topic Outcome,,Describe how the value of g varies due to location and Earth's rotation.{453},12.1.1.2
Gravitation,Newton's Law of Gravity,,Calculate the gravitational force between two point masses.{446},12.2.1.0
Gravitation,Newton's Law of Gravity,,Estimate the gravitational force between collections of mass.{447},12.2.1.1
Gravitation,Newton's Law of Gravity,,Explain the connection between the constants G and g.{451},12.2.1.2
Gravitation,Orbits,,Describe the mechanism for circular orbits.{463},12.3.1.0
Gravitation,Orbits,,Find the orbital periods and speeds of satellites.{464},12.3.1.1
Gravitation,Orbits,,Determine whether objects are gravitationally bound.{465},12.3.1.2
Gravitation,Kepler's Laws,Subtopic Outcome,Describe the conic sections and how they relate to orbital motion.{469},12.4.1.0
Gravitation,Kepler's Laws,Subtopic Outcome,Describe how orbital velocity is related to conservation of angular momentum.{470},12.4.1.1
Gravitation,Kepler's Laws,Subtopic Outcome,Determine the period of an elliptical orbit from its major axis.{471},12.4.1.2
Gravitation,Kepler's Laws,Kepler's First Law,Paste un-numbered outcome here,12.4.2.0
Gravitation,Kepler's Laws,Kepler's First Law,Paste un-numbered outcome here,12.4.2.1
Gravitation,Kepler's Laws,Kepler's Second Law,Paste un-numbered outcome here,12.4.3.0
Gravitation,Kepler's Laws,Kepler's Second Law,Paste un-numbered outcome here,12.4.3.1
Gravitation,Kepler's Laws,Kepler's Third Law,Paste un-numbered outcome here,12.4.4.0
Gravitation,Kepler's Laws,Kepler's Third Law,Paste un-numbered outcome here,12.4.4.1
Gravitation,Tides,,Explain the origins of Earth's ocean tides.{475},12.5.1.0
Gravitation,Tides,,Describe how neap and leap tides differ.{476},12.5.1.1
Gravitation,Tides,,Describe how tidal forces affect binary systems.{477},12.5.1.2
Gravitation,Einstein's Theory of Gravity,,Describe how the theory of general relativity approaches gravitation.{481},12.6.1.0
Gravitation,Einstein's Theory of Gravity,,Explain the principle of equivalence.{482},12.6.1.1
Gravitation,Einstein's Theory of Gravity,,Calculate the Schwarzschild radius of an object.{483},12.6.1.2
Gravitation,Einstein's Theory of Gravity,,Summarize the evidence for black holes.{484},12.6.1.3
Fluids,Topic Outcome,,State the different phases of matter.{490},13.1.1.0
Fluids,Topic Outcome,,Describe the characteristics of the phases of matter at the molecular or atomic level.{491},13.1.1.1
Fluids,Topic Outcome,,Distinguish between compressible and incompressible materials.{492},13.1.1.2
Fluids,Density,,Define density and its related SI units.{493},13.2.1.0
Fluids,Density,,Compare and contrast the densities of various substances.{494},13.2.1.1
Fluids,Pressure,,Define pressure and its related SI units.{495},13.3.1.0
Fluids,Pressure,,Explain the relationship between pressure and force.{496},13.3.1.1
Fluids,Pressure,,Calculate force given pressure and area.{497},13.3.1.2
Fluids,Pressure,,Define gauge pressure and absolute pressure.{501},13.3.1.3
Fluids,Pressure,,Explain various methods for measuring pressure.{502},13.3.1.4
Fluids,Pressure,,Understand the working of open-tube barometers.{503},13.3.1.5
Fluids,Pressure,,Describe in detail how manometers and barometers operate.{504},13.3.1.6
Fluids,Pascal's Law,Subtopic Outcome,State Pascal's principle.{508},13.4.1.0
Fluids,Pascal's Law,Subtopic Outcome,Describe applications of Pascal's principle.{509},13.4.1.1
Fluids,Pascal's Law,Hydraulics,Derive relationships between forces in a hydraulic system.{510},13.4.2.0
Fluids,Pascal's Law,Hydraulics,Paste un-numbered outcome here,13.4.2.1
Fluids,Archimedes' Principle,Subtopic Outcome,State Archimedes' principle.{515},13.5.1.0
Fluids,Archimedes' Principle,Subtopic Outcome,Describe the relationship between density and Archimedes' principle.{516},13.5.1.1
Fluids,Archimedes' Principle,Buoyancy,Define buoyant force.{514},13.5.2.0
Fluids,Archimedes' Principle,Buoyancy,Paste un-numbered outcome here,13.5.2.1
Fluids,Fluid Dynamics,Subtopic Outcome,Describe the characteristics of flow.{520},13.6.1.0
Fluids,Fluid Dynamics,Subtopic Outcome,Paste un-numbered outcome here,13.6.1.1
Fluids,Fluid Dynamics,Flow Rate,Calculate flow rate.{521},13.6.2.0
Fluids,Fluid Dynamics,Flow Rate,Describe the relationship between flow rate and velocity.{522},13.6.2.1
Fluids,Fluid Dynamics,Laminar/Turbulent Flow,Calculate flow and resistance with Poiseuille's law.{536},13.6.3.0
Fluids,Fluid Dynamics,Laminar/Turbulent Flow,Explain how pressure drops due to resistance.{537},13.6.3.1
Fluids,Fluid Dynamics,Laminar/Turbulent Flow,Calculate the Reynolds number for an object moving through a fluid.{538},13.6.3.2
Fluids,Fluid Dynamics,Laminar/Turbulent Flow,Use the Reynolds number for a system to determine whether it is laminar or turbulent.{539},13.6.3.3
Fluids,Fluid Dynamics,Viscosity,Explain what viscosity is.{535},13.6.4.0
Fluids,Fluid Dynamics,Viscosity,Describe the conditions under which an object has a terminal speed.{540},13.6.4.1
Fluids,Fluid Dynamics,Equation of Continuity,Explain the consequences of the equation of continuity to the conservation of mass.{523},13.6.5.0
Fluids,Fluid Dynamics,Equation of Continuity,Paste un-numbered outcome here,13.6.5.1
Fluids,Fluid Dynamics,Bernoulli's Equation,Explain the terms in Bernoulli's equation.{527},13.6.6.0
Fluids,Fluid Dynamics,Bernoulli's Equation,Explain how Bernoulli's equation is related to the conservation of energy.{528},13.6.6.1
Fluids,Fluid Dynamics,Bernoulli's Equation,Describe how to derive Bernoulli's principle from Bernoulli's equation.{529},13.6.6.2
Fluids,Fluid Dynamics,Bernoulli's Equation,Perform calculations using Bernoulli's principle.{530},13.6.6.3
Fluids,Fluid Dynamics,Bernoulli's Equation,Describe some applications of Bernoulli's principle.{531},13.6.6.4
Elasticity,Topic Outcome,,Explain the concepts of stress and strain in describing elastic deformations of materials.{432},14.1.1.0
Elasticity,Topic Outcome,,Describe the types of elastic deformation of objects and materials.{433},14.1.1.1
Elasticity,Topic Outcome,,Explain the limit where a deformation of material is elastic.{437},14.1.1.2
Elasticity,Topic Outcome,,Analyze elasticity and plasticity on a stress-strain diagram.{439},14.1.1.3
Elasticity,Stress,,Paste un-numbered outcome here,14.2.1.0
Elasticity,Stress,,Paste un-numbered outcome here,14.2.1.1
Elasticity,Strain,,Paste un-numbered outcome here,14.3.1.0
Elasticity,Strain,,Paste un-numbered outcome here,14.3.1.1
Elasticity,Elastic Modulus,,Paste un-numbered outcome here,14.4.1.0
Elasticity,Elastic Modulus,,Paste un-numbered outcome here,14.4.1.1
Elasticity,Plasticity,,Describe the range where materials show plastic behavior.{438},14.5.1.0
Elasticity,Plasticity,,Paste un-numbered outcome here,14.5.1.1
